name,enrollment
Garima,00111032025
Kanishka,00211032025
Khushi,00311032025
Lakshmi,00411032025
Lavanya,00511032025
Siddiqua,00611032025
Tanisha,00711032025
Aarav,001101102024
Vivaan,002101102024
Aditya,003101102024
Krishna,004101102024
Ishaan,005101102024
Shaurya,006101102024
Atharv,007101102024
Arjun,008101102024
Kabir,009101102024
Rohan,010101102024
Aryan,011101102024
Yash,012101102024
Harsh,013101102024
Karan,014101102024
Nikhil,015101102024
Sahil,016101102024
Dev,017101102024
Manav,018101102024
Ayaan,019101102024
Rudra,020101102024
Parth,021101102024
Ansh,022101102024
Reyansh,023101102024
Om,024101102024
Tanish,025101102024
Veer,026101102024
Aryav,027101102024
Darsh,028101102024
Samarth,029101102024
Laksh,030101102024
Dhruv,031101102024
Vihaan,032101102024
Shivansh,033101102024
Devansh,034101102024
Amit,035101102024
Rahul,036101102024
Sumit,037101102024
Ankit,038101102024
Piyush,039101102024
Mohit,040101102024
Ritesh,041101102024
Deepak,042101102024
Sandeep,043101102024
Vikas,044101102024
Ravi,045101102024
Ajay,046101102024
Sunil,047101102024
Rajesh,048101102024
Mukesh,049101102024
Naresh,050101102024
Jyoti,051101102024
Neha,052101102024
Pooja,053101102024
Anjali,054101102024
Sneha,055101102024
Kavya,056101102024
Jyoti,057101102024
Riya,058101102024
Priya,059101102024
Shreya,060101102024
Naina,061101102024
Megha,062101102024
Isha,063101102024
Simran,064101102024
Tanya,065101102024
Komal,066101102024
Ritu,067101102024
Divya,068101102024
Payal,069101102024
Muskan,070101102024
Sakshi,071101102024
Aditi,072101102024
Nikita,073101102024
Saloni,074101102024
Bhavna,075101102024
Kiran,076101102024
Preeti,077101102024